qc_code,product_id,identifier,sample_order,stratum
QC001,5142,phisat_PHISAT-2_L1_000005142_20260420131519_20260420131522_E41D625F.zip,67,T4_A1_L1
QC002,1457,phisat_PHISAT-2_L1_000001457_20241104034901_20241104034906_282F2ECC.zip,5,T0_A1_L3
QC003,7064,phisat_PHISAT-2_L1_000007064_20260825092709_20260825092711_FB83741A.zip,89,T5_A2_L2
QC004,1470,phisat_PHISAT-2_L1_000001470_20241109034525_20241109034531_62873A7A.zip,7,T0_A2_L3
QC005,4418,phisat_PHISAT-2_L1_000004418_20260116185426_20260116185428_6CB19F2E.zip,56,T4_A2_L0
QC006,5545,phisat_PHISAT-2_L1_000005545_20260527095929_20260527095932_BDC09FC3.zip,73,T5_A2_L2
QC007,2695,phisat_PHISAT-2_L1_000002695_20250704024816_20250704024819_96A219F3.zip,36,T2_A0_L3
QC008,3507,phisat_PHISAT-2_L1_000003507_20251003054315_20251003054317_F8686058.zip,45,T3_A1_L2
QC009,2635,phisat_PHISAT-2_L1_000002635_20250622114232_20250622114235_0836D392.zip,34,T2_A2_L1
QC010,5492,phisat_PHISAT-2_L1_000005492_20260521185501_20260521185510_10AEC99E.zip,72,T5_A2_L1
QC011,4071,phisat_PHISAT-2_L1_000004071_20251210075555_20251210075557_C25C05DD.zip,53,T3_A2_L2
QC012,2613,phisat_PHISAT-2_L1_000002613_20250620141639_20250620141642_19A69C11.zip,33,T2_A1_L1
QC013,2796,phisat_PHISAT-2_L1_000002796_20250717061836_20250717061849_2FFBC549.zip,38,T2_A0_L0
QC014,6102,phisat_PHISAT-2_L1_000006102_20260705040952_20260705040955_5820AEEE.zip,81,T5_A2_L3
QC015,2176,phisat_PHISAT-2_L1_000002176_20250501134250_20250501134253_3F3B4624.zip,24,T2_A0_L1
QC016,7339,phisat_PHISAT-2_L1_000007339_20260906191359_20260906191407_6FF8D90C.zip,96,T5_A2_L0
QC017,7218,phisat_PHISAT-2_L1_000007218_20260901121150_20260901121153_0ABCCE9C.zip,93,T5_A2_L2
QC018,3367,phisat_PHISAT-2_L1_000003367_20250918192115_20250918192117_176D117C.zip,43,T3_A2_L0
QC019,7214,phisat_PHISAT-2_L1_000007214_20260901091222_20260901091225_094FDBD9.zip,92,T5_A2_L2
QC020,4447,phisat_PHISAT-2_L1_000004447_20260119063852_20260119063855_13E21EA5.zip,58,T4_A2_L2
QC021,5879,phisat_PHISAT-2_L1_000005879_20260620000238_20260620000248_FD636ECF.zip,77,T5_A2_L1
QC022,4689,phisat_PHISAT-2_L1_000004689_20260308055710_20260308055713_30A85319.zip,61,T4_A1_L2
QC023,2779,phisat_PHISAT-2_L1_000002779_20250715202421_20250715202424_7C9D28CB.zip,37,T2_A2_L0
QC024,2127,phisat_PHISAT-2_L1_000002127_20250426134822_20250426134825_FF2DF97B.zip,23,T1_A1_L1
QC025,2111,phisat_PHISAT-2_L1_000002111_20250424173455_20250424173458_83809893.zip,21,T1_A1_L0
QC026,3829,phisat_PHISAT-2_L1_000003829_20251110162855_20251110162905_8AC11518.zip,50,T3_A1_L3
QC027,3666,phisat_PHISAT-2_L1_000003666_20251022183414_20251022183416_C8EE5398.zip,46,T3_A2_L0
QC028,2640,phisat_PHISAT-2_L1_000002640_20250622210441_20250622210444_473EF5EF.zip,35,T2_A2_L0
QC029,5326,phisat_PHISAT-2_L1_000005326_20260510005944_20260510005947_3CDF6709.zip,70,T5_A0_L3
QC030,1603,phisat_PHISAT-2_L1_000001603_20250204034149_20250204034155_DF3BE6DD.zip,14,T1_A1_L3
QC031,4461,phisat_PHISAT-2_L1_000004461_20260121164958_20260121165000_65E49ACD.zip,59,T4_A1_L0
QC032,4088,phisat_PHISAT-2_L1_000004088_20251214142023_20251214142026_F1418062.zip,54,T3_A0_L1
QC033,4952,phisat_PHISAT-2_L1_000004952_20260404160421_20260404160430_1798EA5D.zip,65,T4_A0_L0
QC034,1466,phisat_PHISAT-2_L1_000001466_20241107092209_20241107092215_E74D4190.zip,6,T0_A0_L2
QC035,1913,phisat_PHISAT-2_L1_000001913_20250403090809_20250403090812_B1BC6163.zip,17,T1_A2_L2
QC036,1517,phisat_PHISAT-2_L1_000001517_20241129062655_20241129062713_34ACC35D.zip,12,T0_A0_L0
QC037,5629,phisat_PHISAT-2_L1_000005629_20260604140019_20260604140022_3E4B5E87.zip,74,T5_A2_L1
QC038,1489,phisat_PHISAT-2_L1_000001489_20241115145636_20241115145642_639BE897.zip,8,T0_A0_L1
QC039,2539,phisat_PHISAT-2_L1_000002539_20250612090634_20250612090637_D8EA3E51.zip,31,T2_A2_L2
QC040,2315,phisat_PHISAT-2_L1_000002315_20250520081244_20250520081247_33A88897.zip,28,T2_A1_L2
QC041,3886,phisat_PHISAT-2_L1_000003886_20251121172739_20251121172741_E407FB8C.zip,51,T3_A1_L0
QC042,6939,phisat_PHISAT-2_L1_000006939_20260819153108_20260819153112_166CB0F6.zip,87,T5_A2_L1
QC043,5481,phisat_PHISAT-2_L1_000005481_20260521054324_20260521054335_D4DAE676.zip,71,T5_A0_L0
QC044,2549,phisat_PHISAT-2_L1_000002549_20250613090359_20250613090402_23C5BC4B.zip,32,T2_A0_L2
QC045,1659,phisat_PHISAT-2_L1_000001659_20250226024917_20250226024919_B637009B.zip,15,T1_A0_L3
QC046,4423,phisat_PHISAT-2_L1_000004423_20260117072956_20260117072959_E7937DF5.zip,57,T4_A2_L2
QC047,5821,phisat_PHISAT-2_L1_000005821_20260616171219_20260616171230_071C5FA4.zip,76,T5_A0_L2
QC048,4576,phisat_PHISAT-2_L1_000004576_20260205023451_20260205023453_20EF7F75.zip,60,T4_A0_L3
QC049,1570,phisat_PHISAT-2_L1_000001570_20250113170037_20250113170043_770DCFB8.zip,13,T1_A2_L0
QC050,1309,phisat_PHISAT-2_L1_000001309_20240916093651_20240916093701_D038159D.zip,2,T0_A1_L2
QC051,2039,phisat_PHISAT-2_L1_000002039_20250416093017_20250416093020_87F1E8DD.zip,19,T1_A1_L2
QC052,1500,phisat_PHISAT-2_L1_000001500_20241123055944_20241123055946_8790E871.zip,9,T0_A2_L2
QC053,3808,phisat_PHISAT-2_L1_000003808_20251109020718_20251109020721_DB8CF181.zip,48,T3_A0_L3
QC054,6902,phisat_PHISAT-2_L1_000006902_20260817193609_20260817193612_5BA46056.zip,86,T5_A2_L0
QC055,4909,phisat_PHISAT-2_L1_000004909_20260402134045_20260402134048_F813E283.zip,64,T4_A0_L1
QC056,3706,phisat_PHISAT-2_L1_000003706_20251030055556_20251030055559_AFA2DD75.zip,47,T3_A2_L2
QC057,2366,phisat_PHISAT-2_L1_000002366_20250525172359_20250525172402_8EE8A5FC.zip,29,T2_A1_L0
QC058,5891,phisat_PHISAT-2_L1_000005891_20260620155833_20260620155836_E3656957.zip,78,T5_A2_L1
QC059,1334,phisat_PHISAT-2_L1_000001334_20241002112816_20241002112825_07E22ED4.zip,3,T0_A1_L1
QC060,7202,phisat_PHISAT-2_L1_000007202_20260831144128_20260831144131_B699680E.zip,91,T5_A0_L1
QC061,5185,phisat_PHISAT-2_L1_000005185_20260425043308_20260425043311_A67963B8.zip,68,T4_A1_L3
QC062,4797,phisat_PHISAT-2_L1_000004797_20260324173121_20260324173124_66271D37.zip,62,T4_A2_L0
QC063,2275,phisat_PHISAT-2_L1_000002275_20250516080112_20250516080115_576D9844.zip,27,T2_A2_L2
QC064,7085,phisat_PHISAT-2_L1_000007085_20260826073050_20260826073053_9BAEA96F.zip,90,T5_A2_L2
QC065,7244,phisat_PHISAT-2_L1_000007244_20260902120011_20260902120014_2A687717.zip,94,T5_A1_L1
QC066,2124,phisat_PHISAT-2_L1_000002124_20250426091301_20250426091304_C023A343.zip,22,T1_A0_L2
QC067,6768,phisat_PHISAT-2_L1_000006768_20260811051726_20260811051729_E28C8897.zip,84,T5_A2_L3
QC068,6826,phisat_PHISAT-2_L1_000006826_20260814053152_20260814053155_37638EDC.zip,85,T5_A1_L2
QC069,3888,phisat_PHISAT-2_L1_000003888_20251122025039_20251122025041_AB138D32.zip,52,T3_A2_L3
QC070,5701,phisat_PHISAT-2_L1_000005701_20260609062811_20260609062822_AFB34BEA.zip,75,T5_A1_L0
QC071,2808,phisat_PHISAT-2_L1_000002808_20250718051408_20250718051411_2290F3A1.zip,39,T2_A2_L2
QC072,2266,phisat_PHISAT-2_L1_000002266_20250515113014_20250515113017_4E0F08E2.zip,26,T2_A2_L1
QC073,5970,phisat_PHISAT-2_L1_000005970_20260625151839_20260625151843_BBF4DE42.zip,79,T5_A1_L1
QC074,2051,phisat_PHISAT-2_L1_000002051_20250418035455_20250418035458_CDFBA153.zip,20,T1_A2_L3
QC075,4844,phisat_PHISAT-2_L1_000004844_20260328135815_20260328135818_A2F8A831.zip,63,T4_A2_L1
QC076,1295,phisat_PHISAT-2_L1_000001295_20240829002027_20240829002036_B5E60397.zip,1,T0_A0_L3
QC077,3077,phisat_PHISAT-2_L1_000003077_20250814013234_20250814013237_45EB5DF2.zip,40,T2_A1_L3
QC078,5287,phisat_PHISAT-2_L1_000005287_20260505093204_20260505093209_79E8C983.zip,69,T4_A0_L2
QC079,2241,phisat_PHISAT-2_L1_000002241_20250512030758_20250512030801_0DE44950.zip,25,T2_A2_L3
QC080,6971,phisat_PHISAT-2_L1_000006971_20260821003923_20260821003925_4019CC92.zip,88,T5_A1_L3
QC081,1369,phisat_PHISAT-2_L1_000001369_20241015185218_20241015185224_0DECCD4F.zip,4,T0_A2_L0
QC082,3811,phisat_PHISAT-2_L1_000003811_20251109054446_20251109054456_63343DB9.zip,49,T3_A0_L0
QC083,1829,phisat_PHISAT-2_L1_000001829_20250323161144_20250323161147_95FE5DAA.zip,16,T1_A2_L1
QC084,3219,phisat_PHISAT-2_L1_000003219_20250903154140_20250903154143_9C4822EA.zip,41,T3_A2_L1
QC085,1514,phisat_PHISAT-2_L1_000001514_20241127054139_20241127054141_C2C9134D.zip,11,T0_A1_L0
QC086,4993,phisat_PHISAT-2_L1_000004993_20260409035539_20260409035544_7887381F.zip,66,T4_A2_L3
QC087,7279,phisat_PHISAT-2_L1_000007279_20260904074955_20260904074958_1A2B7947.zip,95,T5_A2_L2
QC088,3228,phisat_PHISAT-2_L1_000003228_20250904103410_20250904103412_1E348DC8.zip,42,T3_A2_L2
QC089,6539,phisat_PHISAT-2_L1_000006539_20260727200949_20260727200957_84F44E41.zip,83,T5_A2_L0
QC090,3500,phisat_PHISAT-2_L1_000003500_20251002153724_20251002153726_BD5FB8CC.zip,44,T3_A1_L1
QC091,1511,phisat_PHISAT-2_L1_000001511_20241126112522_20241126112528_02B134C6.zip,10,T0_A2_L1
QC092,6004,phisat_PHISAT-2_L1_000006004_20260628013003_20260628013006_72F98DC9.zip,80,T5_A1_L3
QC093,2461,phisat_PHISAT-2_L1_000002461_20250605210244_20250605210247_0B008A03.zip,30,T2_A2_L0
QC094,1979,phisat_PHISAT-2_L1_000001979_20250409133816_20250409133819_6C4A2EA2.zip,18,T1_A0_L1
QC095,4160,phisat_PHISAT-2_L1_000004160_20251220170802_20251220170812_66CD41C7.zip,55,T3_A0_L2
QC096,6233,phisat_PHISAT-2_L1_000006233_20260712101658_20260712101700_234C0B47.zip,82,T5_A2_L2
