product_id,level,status,rows,ok_rows,non_ok_rows,expected_rows,error,started_utc,finished_utc
1295,L1C,SUCCESS,14,14,0,14,,2026-09-10T16:59:54.176188+00:00,2026-09-10T17:02:43.350727+00:00
1309,L1C,PARTIAL,14,12,2,14,,2026-09-10T17:02:44.201997+00:00,2026-09-10T17:05:51.560023+00:00
1334,L1C,PARTIAL,14,12,2,14,,2026-09-10T17:05:52.629203+00:00,2026-09-10T17:08:33.794425+00:00
1369,L1C,SUCCESS,14,14,0,14,,2026-09-10T17:08:34.174108+00:00,2026-09-10T17:11:28.989947+00:00
1457,L1C,SUCCESS,14,14,0,14,,2026-09-10T17:11:29.470582+00:00,2026-09-10T17:13:59.553422+00:00
1466,L1C,SUCCESS,14,14,0,14,,2026-09-10T17:13:59.886168+00:00,2026-09-10T17:15:48.773950+00:00
1470,L1C,SUCCESS,14,14,0,14,,2026-09-10T17:15:49.086347+00:00,2026-09-10T17:17:50.260052+00:00
1489,L1C,SUCCESS,14,14,0,14,,2026-09-10T17:17:50.650556+00:00,2026-09-10T17:20:02.888295+00:00
1500,L1C,SUCCESS,14,14,0,14,,2026-09-10T17:20:03.218523+00:00,2026-09-10T17:22:12.654615+00:00
1511,L1C,SUCCESS,14,14,0,14,,2026-09-10T17:22:12.954734+00:00,2026-09-10T17:23:52.658713+00:00
1514,L1C,SUCCESS,14,14,0,14,,2026-09-10T17:23:52.991019+00:00,2026-09-10T17:25:36.521776+00:00
1570,L1C,SUCCESS,14,14,0,14,,2026-09-10T17:31:32.286207+00:00,2026-09-10T17:33:26.984630+00:00
1603,L1C,SUCCESS,14,14,0,14,,2026-09-10T17:33:27.405332+00:00,2026-09-10T17:35:21.857464+00:00
1659,L1C,SUCCESS,14,14,0,14,,2026-09-10T17:35:22.226680+00:00,2026-09-10T17:36:54.940575+00:00
1829,L1C,SUCCESS,14,14,0,14,,2026-09-10T17:36:55.657358+00:00,2026-09-10T17:38:42.241611+00:00
1913,L1C,SUCCESS,14,14,0,14,,2026-09-10T17:38:42.607196+00:00,2026-09-10T17:41:03.302656+00:00
1979,L1C,SUCCESS,14,14,0,14,,2026-09-10T17:41:03.869409+00:00,2026-09-10T17:42:49.742599+00:00
2039,L1C,SUCCESS,14,14,0,14,,2026-09-10T17:42:50.071065+00:00,2026-09-10T17:44:19.676906+00:00
2051,L1C,SUCCESS,14,14,0,14,,2026-09-10T17:44:19.989309+00:00,2026-09-10T17:45:53.521785+00:00
2111,L1C,SUCCESS,14,14,0,14,,2026-09-10T17:45:53.802950+00:00,2026-09-10T17:47:34.742805+00:00
2124,L1C,SUCCESS,14,14,0,14,,2026-09-10T17:47:35.274256+00:00,2026-09-10T17:49:14.044395+00:00
2127,L1C,SUCCESS,14,14,0,14,,2026-09-10T17:49:14.356796+00:00,2026-09-10T17:50:57.592469+00:00
2176,L1C,SUCCESS,14,14,0,14,,2026-09-10T17:50:58.030524+00:00,2026-09-10T17:52:38.566538+00:00
2241,L1C,SUCCESS,14,14,0,14,,2026-09-10T17:52:38.912393+00:00,2026-09-10T17:54:18.930587+00:00
2266,L1C,SUCCESS,14,14,0,14,,2026-09-10T17:54:19.278526+00:00,2026-09-10T17:56:01.391631+00:00
2275,L1C,SUCCESS,14,14,0,14,,2026-09-10T17:56:01.783880+00:00,2026-09-10T17:57:43.292521+00:00
2315,L1C,SUCCESS,14,14,0,14,,2026-09-10T17:57:43.683022+00:00,2026-09-10T17:59:27.810123+00:00
2366,L1C,SUCCESS,14,14,0,14,,2026-09-10T17:59:28.106873+00:00,2026-09-10T18:01:16.289720+00:00
2461,L1C,SUCCESS,14,14,0,14,,2026-09-10T18:01:16.648947+00:00,2026-09-10T18:02:59.560090+00:00
2539,L1C,SUCCESS,14,14,0,14,,2026-09-10T18:02:59.919349+00:00,2026-09-10T18:04:35.819185+00:00
2549,L1C,SUCCESS,14,14,0,14,,2026-09-10T18:04:36.194068+00:00,2026-09-10T18:06:10.517465+00:00
2613,L1C,SUCCESS,14,14,0,14,,2026-09-10T18:06:11.001468+00:00,2026-09-10T18:07:54.017016+00:00
2635,L1C,SUCCESS,14,14,0,14,,2026-09-10T18:07:54.407517+00:00,2026-09-10T18:09:42.020607+00:00
2640,L1C,SUCCESS,14,14,0,14,,2026-09-10T18:09:42.396539+00:00,2026-09-10T18:11:25.773093+00:00
2695,L1C,SUCCESS,14,14,0,14,,2026-09-10T18:11:26.132320+00:00,2026-09-10T18:13:14.308724+00:00
2779,L1C,SUCCESS,14,14,0,14,,2026-09-10T18:13:14.740757+00:00,2026-09-10T18:15:02.486772+00:00
2796,L1C,SUCCESS,14,14,0,14,,2026-09-10T18:15:02.814757+00:00,2026-09-10T18:16:35.499496+00:00
2808,L1C,SUCCESS,14,14,0,14,,2026-09-10T18:16:35.843136+00:00,2026-09-10T18:18:25.110721+00:00
3077,L1C,SUCCESS,14,14,0,14,,2026-09-10T18:18:25.454359+00:00,2026-09-10T18:20:05.558442+00:00
3219,L1C,SUCCESS,14,14,0,14,,2026-09-10T18:20:05.855189+00:00,2026-09-10T18:21:43.927119+00:00
3228,L1C,SUCCESS,14,14,0,14,,2026-09-10T18:21:44.333244+00:00,2026-09-10T18:23:31.274212+00:00
3367,L1C,SUCCESS,14,14,0,14,,2026-09-10T18:23:31.695955+00:00,2026-09-10T18:25:19.719590+00:00
3500,L1C,SUCCESS,14,14,0,14,,2026-09-10T18:25:20.125711+00:00,2026-09-10T18:27:07.808283+00:00
3507,L1C,SUCCESS,14,14,0,14,,2026-09-10T18:27:08.152645+00:00,2026-09-10T18:28:59.361910+00:00
3666,L1C,SUCCESS,14,14,0,14,,2026-09-10T18:28:59.769590+00:00,2026-09-10T18:30:49.831351+00:00
3706,L1C,SUCCESS,14,14,0,14,,2026-09-10T18:30:50.209376+00:00,2026-09-10T18:32:35.074141+00:00
3808,L1C,SUCCESS,14,14,0,14,,2026-09-10T18:32:35.495880+00:00,2026-09-10T18:34:23.343804+00:00
3811,L1C,SUCCESS,14,14,0,14,,2026-09-10T18:34:23.718683+00:00,2026-09-10T18:35:57.735438+00:00
3829,L1C,SUCCESS,14,14,0,14,,2026-09-10T18:35:58.079043+00:00,2026-09-10T18:37:33.435684+00:00
3886,L1C,SUCCESS,14,14,0,14,,2026-09-10T18:37:33.779291+00:00,2026-09-10T18:39:19.697124+00:00
3888,L1C,SUCCESS,14,14,0,14,,2026-09-10T18:39:20.118866+00:00,2026-09-10T18:41:02.710507+00:00
4071,L1C,SUCCESS,14,14,0,14,,2026-09-10T18:41:03.101007+00:00,2026-09-10T18:42:52.865704+00:00
4088,L1C,SUCCESS,14,14,0,14,,2026-09-10T18:42:53.209345+00:00,2026-09-10T18:44:43.467498+00:00
4160,L1C,SUCCESS,14,14,0,14,,2026-09-10T18:44:43.873617+00:00,2026-09-10T18:46:20.182427+00:00
4418,L1C,SUCCESS,14,14,0,14,,2026-09-10T18:46:20.557269+00:00,2026-09-10T18:48:09.398585+00:00
4423,L1C,SUCCESS,14,14,0,14,,2026-09-10T18:48:09.776732+00:00,2026-09-10T18:49:59.047061+00:00
4447,L1C,SUCCESS,14,14,0,14,,2026-09-10T18:49:59.375083+00:00,2026-09-10T18:51:40.800120+00:00
4461,L1C,SUCCESS,14,14,0,14,,2026-09-10T18:51:41.612354+00:00,2026-09-10T18:53:42.274332+00:00
4576,L1C,SUCCESS,14,14,0,14,,2026-09-10T18:53:42.698089+00:00,2026-09-10T18:55:43.517950+00:00
4689,L1C,SUCCESS,14,14,0,14,,2026-09-10T18:55:44.084845+00:00,2026-09-10T18:58:01.625136+00:00
4797,L1C,SUCCESS,14,14,0,14,,2026-09-10T18:58:02.142948+00:00,2026-09-10T19:00:18.949028+00:00
4844,L1C,SUCCESS,14,14,0,14,,2026-09-10T19:00:19.482434+00:00,2026-09-10T19:02:30.637072+00:00
4909,L1C,SUCCESS,14,14,0,14,,2026-09-10T19:02:31.215971+00:00,2026-09-10T19:05:33.366052+00:00
4952,L1C,SUCCESS,14,14,0,14,,2026-09-10T19:05:33.866791+00:00,2026-09-10T19:07:19.201229+00:00
4993,L1C,SUCCESS,14,14,0,14,,2026-09-10T19:07:19.682301+00:00,2026-09-10T19:09:02.893752+00:00
5142,L1C,SUCCESS,14,14,0,14,,2026-09-10T19:09:03.470011+00:00,2026-09-10T19:10:48.608195+00:00
5185,L1C,SUCCESS,14,14,0,14,,2026-09-10T19:10:49.017203+00:00,2026-09-10T19:13:02.071089+00:00
5287,L1C,SUCCESS,14,14,0,14,,2026-09-10T19:13:02.805852+00:00,2026-09-10T19:15:14.280729+00:00
5326,L1C,SUCCESS,14,14,0,14,,2026-09-10T19:15:14.830179+00:00,2026-09-10T19:17:50.030978+00:00
5481,L1C,PARTIAL,14,12,2,14,,2026-09-10T19:17:50.555716+00:00,2026-09-10T19:19:34.464480+00:00
5492,L1C,SUCCESS,14,14,0,14,,2026-09-10T19:19:34.982929+00:00,2026-09-10T19:21:56.484150+00:00
5545,L1C,SUCCESS,14,14,0,14,,2026-09-10T19:21:57.020636+00:00,2026-09-10T19:23:57.514278+00:00
5629,L1C,SUCCESS,14,14,0,14,,2026-09-10T19:23:57.979611+00:00,2026-09-10T19:25:46.105531+00:00
5701,L1C,PARTIAL,14,12,2,14,,2026-09-10T19:25:46.563824+00:00,2026-09-10T19:26:56.973742+00:00
5821,L1C,PARTIAL,14,12,2,14,,2026-09-10T19:26:57.301764+00:00,2026-09-10T19:28:09.225584+00:00
5879,L1C,SUCCESS,14,14,0,14,,2026-09-10T19:28:09.584854+00:00,2026-09-10T19:29:37.114622+00:00
5891,L1C,SUCCESS,14,14,0,14,,2026-09-10T19:29:37.474851+00:00,2026-09-10T19:32:33.468717+00:00
5970,L1C,SUCCESS,14,14,0,14,,2026-09-10T19:32:34.058949+00:00,2026-09-10T19:35:15.658338+00:00
6004,L1C,SUCCESS,14,14,0,14,,2026-09-10T19:35:18.116417+00:00,2026-09-10T19:38:48.483157+00:00
6102,L1C,SUCCESS,14,14,0,14,,2026-09-10T19:38:49.153154+00:00,2026-09-10T19:42:00.848579+00:00
6233,L1C,SUCCESS,14,14,0,14,,2026-09-10T19:42:01.521960+00:00,2026-09-10T19:44:59.499687+00:00
6539,L1C,SUCCESS,14,14,0,14,,2026-09-10T19:45:01.056260+00:00,2026-09-10T19:47:26.459249+00:00
6768,L1C,SUCCESS,14,14,0,14,,2026-09-10T19:47:27.256444+00:00,2026-09-10T19:49:09.630887+00:00
6826,L1C,SUCCESS,14,14,0,14,,2026-09-10T19:49:10.075018+00:00,2026-09-10T19:50:43.595393+00:00
6902,L1C,SUCCESS,14,14,0,14,,2026-09-10T19:50:44.112190+00:00,2026-09-10T19:52:16.615485+00:00
6939,L1C,SUCCESS,14,14,0,14,,2026-09-10T19:52:16.943506+00:00,2026-09-10T19:54:00.506480+00:00
6971,L1C,SUCCESS,14,14,0,14,,2026-09-10T19:54:00.865741+00:00,2026-09-10T19:56:07.668311+00:00
7064,L1C,SUCCESS,14,14,0,14,,2026-09-10T19:56:08.251141+00:00,2026-09-10T19:57:52.497025+00:00
7085,L1C,SUCCESS,14,14,0,14,,2026-09-10T19:57:53.013513+00:00,2026-09-10T20:00:01.859007+00:00
7202,L1C,SUCCESS,14,14,0,14,,2026-09-10T20:00:02.348364+00:00,2026-09-10T20:02:29.278391+00:00
7214,L1C,SUCCESS,14,14,0,14,,2026-09-10T20:02:29.700131+00:00,2026-09-10T20:04:36.170104+00:00
7218,L1C,SUCCESS,14,14,0,14,,2026-09-10T20:04:36.811721+00:00,2026-09-10T20:06:15.200778+00:00
7244,L1C,SUCCESS,14,14,0,14,,2026-09-10T20:06:15.615571+00:00,2026-09-10T20:08:10.247625+00:00
7279,L1C,SUCCESS,14,14,0,14,,2026-09-10T20:08:10.607843+00:00,2026-09-10T20:09:58.178693+00:00
7339,L1C,SUCCESS,14,14,0,14,,2026-09-10T20:09:58.524791+00:00,2026-09-10T20:11:27.229419+00:00
1517,L1C,PARTIAL,14,13,1,14,,2026-09-10T20:40:03.130960+00:00,2026-09-10T20:52:04.414335+00:00
