level,product_id,identifier,filename,feature_id,start_datetime,completion_datetime,center_lon,center_lat,time_bin,lat_band,lon_band,stratum,stratum_population_n,stratum_sample_n,inclusion_probability,design_weight,sample_order
L1C,1295,phisat_PHISAT-2_L1_000001295_20240829002027_20240829002036_B5E60397.zip,PHISAT-2_L1_000001295_20240829002027_20240829002036_B5E60397.zip,10f045c9-47cb-52e4-80f0-d0810c5336e9,2024-08-29 00:20:27+00:00,2024-08-29 00:20:36+00:00,123.953724514,-74.86373352,0,0,3,T0_A0_L3,25,1,0.04,25.0,1
L1C,1309,phisat_PHISAT-2_L1_000001309_20240916093651_20240916093701_D038159D.zip,PHISAT-2_L1_000001309_20240916093651_20240916093701_D038159D.zip,d94cc184-9b9f-5316-a133-752075834c22,2024-09-16 09:36:51+00:00,2024-09-16 09:37:01+00:00,12.172203886,-16.482034464,0,1,2,T0_A1_L2,5,1,0.2,5.0,2
L1C,1334,phisat_PHISAT-2_L1_000001334_20241002112816_20241002112825_07E22ED4.zip,PHISAT-2_L1_000001334_20241002112816_20241002112825_07E22ED4.zip,f60f3cc1-d6f4-5d59-881f-3ea86e3cdc1a,2024-10-02 11:28:16+00:00,2024-10-02 11:28:25+00:00,-9.357523287,19.275854452,0,1,1,T0_A1_L1,2,1,0.5,2.0,3
L1C,1369,phisat_PHISAT-2_L1_000001369_20241015185218_20241015185224_0DECCD4F.zip,PHISAT-2_L1_000001369_20241015185218_20241015185224_0DECCD4F.zip,91d6a4ce-0417-5bb0-af5b-aa12b25f5523,2024-10-15 18:52:18+00:00,2024-10-15 18:52:24+00:00,-117.853259276,35.02265484,0,2,0,T0_A2_L0,24,1,0.041666666666666664,24.0,4
L1C,1457,phisat_PHISAT-2_L1_000001457_20241104034901_20241104034906_282F2ECC.zip,PHISAT-2_L1_000001457_20241104034901_20241104034906_282F2ECC.zip,12054fbf-6c6f-5cb2-bc23-b6263c8eb243,2024-11-04 03:49:01+00:00,2024-11-04 03:49:06+00:00,103.669120635,1.16828517,0,1,3,T0_A1_L3,2,1,0.5,2.0,5
L1C,1466,phisat_PHISAT-2_L1_000001466_20241107092209_20241107092215_E74D4190.zip,PHISAT-2_L1_000001466_20241107092209_20241107092215_E74D4190.zip,6c55728d-8d59-5f11-b27b-2924472512d7,2024-11-07 09:22:09+00:00,2024-11-07 09:22:15+00:00,15.26960204,-23.219317701,0,0,2,T0_A0_L2,6,1,0.16666666666666666,6.0,6
L1C,1470,phisat_PHISAT-2_L1_000001470_20241109034525_20241109034531_62873A7A.zip,PHISAT-2_L1_000001470_20241109034525_20241109034531_62873A7A.zip,f000833d-1483-5856-9b4e-30e45a3d0223,2024-11-09 03:45:25+00:00,2024-11-09 03:45:31+00:00,109.585934368,40.877533369,0,2,3,T0_A2_L3,20,1,0.05,20.0,7
L1C,1489,phisat_PHISAT-2_L1_000001489_20241115145636_20241115145642_639BE897.zip,PHISAT-2_L1_000001489_20241115145636_20241115145642_639BE897.zip,0b2a0837-2d56-5660-b115-cb95cbbb0331,2024-11-15 14:56:36+00:00,2024-11-15 14:56:42+00:00,-69.436470413,-31.906330442,0,0,1,T0_A0_L1,4,1,0.25,4.0,8
L1C,1500,phisat_PHISAT-2_L1_000001500_20241123055944_20241123055946_8790E871.zip,PHISAT-2_L1_000001500_20241123055944_20241123055946_8790E871.zip,50350347-9fb5-5a13-ad17-86fd4fa3a4bb,2024-11-23 05:59:44+00:00,2024-11-23 05:59:46+00:00,72.198789758,22.872533974,0,2,2,T0_A2_L2,56,1,0.017857142857142856,56.0,9
L1C,1511,phisat_PHISAT-2_L1_000001511_20241126112522_20241126112528_02B134C6.zip,PHISAT-2_L1_000001511_20241126112522_20241126112528_02B134C6.zip,ee955784-54a5-55ba-8c6a-2dcca73b10ff,2024-11-26 11:25:22+00:00,2024-11-26 11:25:28+00:00,-8.791869599,20.889129256,0,2,1,T0_A2_L1,27,1,0.037037037037037035,27.0,10
L1C,1514,phisat_PHISAT-2_L1_000001514_20241127054139_20241127054141_C2C9134D.zip,PHISAT-2_L1_000001514_20241127054139_20241127054141_C2C9134D.zip,e89b4289-b108-56b0-a0d3-583e32e626ec,2024-11-27 05:41:39+00:00,2024-11-27 05:41:41+00:00,-106.965990832,1.769427342,0,1,0,T0_A1_L0,2,1,0.5,2.0,11
L1C,1517,phisat_PHISAT-2_L1_000001517_20241129062655_20241129062713_34ACC35D.zip,PHISAT-2_L1_000001517_20241129062655_20241129062713_34ACC35D.zip,f219dabc-cb6b-5e37-9b2a-5391dbed5b38,2024-11-29 06:26:55+00:00,2024-11-29 06:27:13+00:00,-110.375946352,-47.677213366,0,0,0,T0_A0_L0,2,1,0.5,2.0,12
L1C,1570,phisat_PHISAT-2_L1_000001570_20250113170037_20250113170043_770DCFB8.zip,PHISAT-2_L1_000001570_20250113170037_20250113170043_770DCFB8.zip,2aba1a90-7922-5490-94da-fbd706ad619c,2025-01-13 17:00:37+00:00,2025-01-13 17:00:43+00:00,-91.245510246,28.706793448,1,2,0,T1_A2_L0,110,1,0.00909090909090909,110.0,13
L1C,1603,phisat_PHISAT-2_L1_000001603_20250204034149_20250204034155_DF3BE6DD.zip,PHISAT-2_L1_000001603_20250204034149_20250204034155_DF3BE6DD.zip,2bc786d1-34de-5854-b704-cafd09a7690f,2025-02-04 03:41:49+00:00,2025-02-04 03:41:55+00:00,104.558408702,1.482647869,1,1,3,T1_A1_L3,35,1,0.02857142857142857,35.0,14
L1C,1659,phisat_PHISAT-2_L1_000001659_20250226024917_20250226024919_B637009B.zip,PHISAT-2_L1_000001659_20250226024917_20250226024919_B637009B.zip,6691721e-46a9-5f24-b3cb-e70c6605b0bb,2025-02-26 02:49:17+00:00,2025-02-26 02:49:19+00:00,115.092920672,-21.793288892,1,0,3,T1_A0_L3,1,1,1.0,1.0,15
L1C,1829,phisat_PHISAT-2_L1_000001829_20250323161144_20250323161147_95FE5DAA.zip,PHISAT-2_L1_000001829_20250323161144_20250323161147_95FE5DAA.zip,227772b5-b6ca-55bd-9843-098e706a0666,2025-03-23 16:11:44+00:00,2025-03-23 16:11:47+00:00,-80.929568011,26.631115124,1,2,1,T1_A2_L1,67,1,0.014925373134328358,67.0,16
L1C,1913,phisat_PHISAT-2_L1_000001913_20250403090809_20250403090812_B1BC6163.zip,PHISAT-2_L1_000001913_20250403090809_20250403090812_B1BC6163.zip,767fb53e-f102-566d-a8c1-b07664b48f8a,2025-04-03 09:08:09+00:00,2025-04-03 09:08:12+00:00,29.591543108,45.172319452,1,2,2,T1_A2_L2,102,1,0.00980392156862745,102.0,17
L1C,1979,phisat_PHISAT-2_L1_000001979_20250409133816_20250409133819_6C4A2EA2.zip,PHISAT-2_L1_000001979_20250409133816_20250409133819_6C4A2EA2.zip,9c38ee56-6be8-573b-baa2-d235e6dcc1c5,2025-04-09 13:38:16+00:00,2025-04-09 13:38:19+00:00,-46.662252871,-23.622386414,1,0,1,T1_A0_L1,27,1,0.037037037037037035,27.0,18
L1C,2039,phisat_PHISAT-2_L1_000002039_20250416093017_20250416093020_87F1E8DD.zip,PHISAT-2_L1_000002039_20250416093017_20250416093020_87F1E8DD.zip,be74d9be-e364-5ec6-95e0-8ad26bb44096,2025-04-16 09:30:17+00:00,2025-04-16 09:30:20+00:00,15.347628106,-4.243915901,1,1,2,T1_A1_L2,20,1,0.05,20.0,19
L1C,2051,phisat_PHISAT-2_L1_000002051_20250418035455_20250418035458_CDFBA153.zip,PHISAT-2_L1_000002051_20250418035455_20250418035458_CDFBA153.zip,c771be41-7a72-51f8-b021-443d01fa5c23,2025-04-18 03:54:55+00:00,2025-04-18 03:54:58+00:00,106.517190374,29.560622834,1,2,3,T1_A2_L3,87,1,0.011494252873563218,87.0,20
L1C,2111,phisat_PHISAT-2_L1_000002111_20250424173455_20250424173458_83809893.zip,PHISAT-2_L1_000002111_20250424173455_20250424173458_83809893.zip,6eb79fae-a26b-5b83-8813-e06fad4e36f5,2025-04-24 17:34:55+00:00,2025-04-24 17:34:58+00:00,-99.176478747,19.419881756,1,1,0,T1_A1_L0,3,1,0.3333333333333333,3.0,21
L1C,2124,phisat_PHISAT-2_L1_000002124_20250426091301_20250426091304_C023A343.zip,PHISAT-2_L1_000002124_20250426091301_20250426091304_C023A343.zip,352ecf27-93aa-58c5-b37b-29bda3e816c7,2025-04-26 09:13:01+00:00,2025-04-26 09:13:04+00:00,17.86631761,-33.122776064,1,0,2,T1_A0_L2,8,1,0.125,8.0,22
L1C,2127,phisat_PHISAT-2_L1_000002127_20250426134822_20250426134825_FF2DF97B.zip,PHISAT-2_L1_000002127_20250426134822_20250426134825_FF2DF97B.zip,fdf23e01-53de-5469-a255-111af12536f3,2025-04-26 13:48:22+00:00,2025-04-26 13:48:25+00:00,-48.501648702,-1.103290862,1,1,1,T1_A1_L1,47,1,0.02127659574468085,47.0,23
L1C,2176,phisat_PHISAT-2_L1_000002176_20250501134250_20250501134253_3F3B4624.zip,PHISAT-2_L1_000002176_20250501134250_20250501134253_3F3B4624.zip,bd11216c-0a50-5fd3-b0c7-17aadbced554,2025-05-01 13:42:50+00:00,2025-05-01 13:42:53+00:00,-51.154232412,-30.24659762,2,0,1,T2_A0_L1,55,1,0.01818181818181818,55.0,24
L1C,2241,phisat_PHISAT-2_L1_000002241_20250512030758_20250512030801_0DE44950.zip,PHISAT-2_L1_000002241_20250512030758_20250512030801_0DE44950.zip,ae42d8a8-7ada-58d4-a97f-512075b41c1f,2025-05-12 03:07:58+00:00,2025-05-12 03:08:01+00:00,119.247239338,37.873493014,2,2,3,T2_A2_L3,86,1,0.011627906976744186,86.0,25
L1C,2266,phisat_PHISAT-2_L1_000002266_20250515113014_20250515113017_4E0F08E2.zip,PHISAT-2_L1_000002266_20250515113014_20250515113017_4E0F08E2.zip,e9108a28-1911-5c0f-8aff-82b2ed98e471,2025-05-15 11:30:14+00:00,2025-05-15 11:30:17+00:00,-6.389102902,36.548488628,2,2,1,T2_A2_L1,152,2,0.013157894736842105,76.0,26
L1C,2275,phisat_PHISAT-2_L1_000002275_20250516080112_20250516080115_576D9844.zip,PHISAT-2_L1_000002275_20250516080112_20250516080115_576D9844.zip,5375d22b-210a-54a8-870c-1ce66eb199fb,2025-05-16 08:01:12+00:00,2025-05-16 08:01:15+00:00,43.482215665,29.577020136,2,2,2,T2_A2_L2,261,3,0.011494252873563218,87.0,27
L1C,2315,phisat_PHISAT-2_L1_000002315_20250520081244_20250520081247_33A88897.zip,PHISAT-2_L1_000002315_20250520081244_20250520081247_33A88897.zip,976fb822-8070-5275-a17c-c7e1b9840850,2025-05-20 08:12:44+00:00,2025-05-20 08:12:47+00:00,37.2672319,12.648566624,2,1,2,T2_A1_L2,35,1,0.02857142857142857,35.0,28
L1C,2366,phisat_PHISAT-2_L1_000002366_20250525172359_20250525172402_8EE8A5FC.zip,PHISAT-2_L1_000002366_20250525172359_20250525172402_8EE8A5FC.zip,c02193a8-75c0-5ce4-b039-6b457ac0cc5d,2025-05-25 17:23:59+00:00,2025-05-25 17:24:02+00:00,-99.682251173,17.03043799,2,1,0,T2_A1_L0,3,1,0.3333333333333333,3.0,29
L1C,2461,phisat_PHISAT-2_L1_000002461_20250605210244_20250605210247_0B008A03.zip,PHISAT-2_L1_000002461_20250605210244_20250605210247_0B008A03.zip,d0257e9d-605f-5bed-90c0-58e6c3c85ad2,2025-06-05 21:02:44+00:00,2025-06-05 21:02:47+00:00,-141.606425806,61.829654961,2,2,0,T2_A2_L0,216,3,0.013888888888888888,72.0,30
L1C,2539,phisat_PHISAT-2_L1_000002539_20250612090634_20250612090637_D8EA3E51.zip,PHISAT-2_L1_000002539_20250612090634_20250612090637_D8EA3E51.zip,787909e9-9e68-549d-910f-280d3d76c474,2025-06-12 09:06:34+00:00,2025-06-12 09:06:37+00:00,28.961105102,40.853442452,2,2,2,T2_A2_L2,261,3,0.011494252873563218,87.0,31
L1C,2549,phisat_PHISAT-2_L1_000002549_20250613090359_20250613090402_23C5BC4B.zip,PHISAT-2_L1_000002549_20250613090359_20250613090402_23C5BC4B.zip,6b990c16-2c64-55df-b5fb-32d8553ab308,2025-06-13 09:03:59+00:00,2025-06-13 09:04:02+00:00,17.858850414,-33.180779284,2,0,2,T2_A0_L2,11,1,0.09090909090909091,11.0,32
L1C,2613,phisat_PHISAT-2_L1_000002613_20250620141639_20250620141642_19A69C11.zip,PHISAT-2_L1_000002613_20250620141639_20250620141642_19A69C11.zip,a158bd25-4daa-5cbd-ade9-da83bf39c9d8,2025-06-20 14:16:39+00:00,2025-06-20 14:16:42+00:00,-56.135387525,-15.78919643,2,1,1,T2_A1_L1,76,1,0.013157894736842105,76.0,33
L1C,2635,phisat_PHISAT-2_L1_000002635_20250622114232_20250622114235_0836D392.zip,PHISAT-2_L1_000002635_20250622114232_20250622114235_0836D392.zip,6d8720aa-db28-5492-b972-babbcb353c23,2025-06-22 11:42:32+00:00,2025-06-22 11:42:35+00:00,-8.472447033,41.633984445,2,2,1,T2_A2_L1,152,2,0.013157894736842105,76.0,34
L1C,2640,phisat_PHISAT-2_L1_000002640_20250622210441_20250622210444_473EF5EF.zip,PHISAT-2_L1_000002640_20250622210441_20250622210444_473EF5EF.zip,5b1adf2e-db32-5a9f-999b-7f912d063be1,2025-06-22 21:04:41+00:00,2025-06-22 21:04:44+00:00,-141.575317108,59.875816408,2,2,0,T2_A2_L0,216,3,0.013888888888888888,72.0,35
L1C,2695,phisat_PHISAT-2_L1_000002695_20250704024816_20250704024819_96A219F3.zip,PHISAT-2_L1_000002695_20250704024816_20250704024819_96A219F3.zip,3620eb93-6a25-5482-a39f-9c76fb9aa157,2025-07-04 02:48:16+00:00,2025-07-04 02:48:19+00:00,115.096478273,-21.826202319,2,0,3,T2_A0_L3,49,1,0.02040816326530612,49.00000000000001,36
L1C,2779,phisat_PHISAT-2_L1_000002779_20250715202421_20250715202424_7C9D28CB.zip,PHISAT-2_L1_000002779_20250715202421_20250715202424_7C9D28CB.zip,9b092a58-3002-50dc-b82a-a6e6c960de55,2025-07-15 20:24:21+00:00,2025-07-15 20:24:24+00:00,-134.232655946,56.644098468,2,2,0,T2_A2_L0,216,3,0.013888888888888888,72.0,37
L1C,2796,phisat_PHISAT-2_L1_000002796_20250717061836_20250717061849_2FFBC549.zip,PHISAT-2_L1_000002796_20250717061836_20250717061849_2FFBC549.zip,c5bbd59d-c855-5d6b-97f7-0050f467116d,2025-07-17 06:18:36+00:00,2025-07-17 06:18:49+00:00,-107.793205092,-47.817202669,2,0,0,T2_A0_L0,1,1,1.0,1.0,38
L1C,2808,phisat_PHISAT-2_L1_000002808_20250718051408_20250718051411_2290F3A1.zip,PHISAT-2_L1_000002808_20250718051408_20250718051411_2290F3A1.zip,b0bb36f8-775a-52f6-8e15-41d654895840,2025-07-18 05:14:08+00:00,2025-07-18 05:14:11+00:00,85.863234706,27.894218651,2,2,2,T2_A2_L2,261,3,0.011494252873563218,87.0,39
L1C,3077,phisat_PHISAT-2_L1_000003077_20250814013234_20250814013237_45EB5DF2.zip,PHISAT-2_L1_000003077_20250814013234_20250814013237_45EB5DF2.zip,9f681f6f-bfcf-57b0-82b6-9f9342c4915a,2025-08-14 01:32:34+00:00,2025-08-14 01:32:37+00:00,135.423154438,-14.461769736,2,1,3,T2_A1_L3,59,1,0.01694915254237288,59.0,40
L1C,3219,phisat_PHISAT-2_L1_000003219_20250903154140_20250903154143_9C4822EA.zip,PHISAT-2_L1_000003219_20250903154140_20250903154143_9C4822EA.zip,f6d3259b-9ec9-56fc-a772-b0d5a784c34f,2025-09-03 15:41:40+00:00,2025-09-03 15:41:43+00:00,-69.436188695,43.694176858,3,2,1,T3_A2_L1,130,1,0.007692307692307693,130.0,41
L1C,3228,phisat_PHISAT-2_L1_000003228_20250904103410_20250904103412_1E348DC8.zip,PHISAT-2_L1_000003228_20250904103410_20250904103412_1E348DC8.zip,e5ab67bc-beb5-531c-a6b6-3b8433ee1d85,2025-09-04 10:34:10+00:00,2025-09-04 10:34:12+00:00,11.306447786,46.930583431,3,2,2,T3_A2_L2,229,3,0.013100436681222707,76.33333333333334,42
L1C,3367,phisat_PHISAT-2_L1_000003367_20250918192115_20250918192117_176D117C.zip,PHISAT-2_L1_000003367_20250918192115_20250918192117_176D117C.zip,8d2237d6-deb5-561f-a74e-605ab819ebd3,2025-09-18 19:21:15+00:00,2025-09-18 19:21:17+00:00,-122.374814049,40.515655716,3,2,0,T3_A2_L0,146,2,0.0136986301369863,73.0,43
L1C,3500,phisat_PHISAT-2_L1_000003500_20251002153724_20251002153726_BD5FB8CC.zip,PHISAT-2_L1_000003500_20251002153724_20251002153726_BD5FB8CC.zip,30169ca7-11bb-5e6e-87de-c0de8145b95f,2025-10-02 15:37:24+00:00,2025-10-02 15:37:26+00:00,-73.005618805,3.90064101,3,1,1,T3_A1_L1,67,1,0.014925373134328358,67.0,44
L1C,3507,phisat_PHISAT-2_L1_000003507_20251003054315_20251003054317_F8686058.zip,PHISAT-2_L1_000003507_20251003054315_20251003054317_F8686058.zip,f13d9d9c-33d3-5560-a6c1-1323bb5156ec,2025-10-03 05:43:15+00:00,2025-10-03 05:43:17+00:00,76.764914133,19.187682638,3,1,2,T3_A1_L2,36,1,0.027777777777777776,36.0,45
L1C,3666,phisat_PHISAT-2_L1_000003666_20251022183414_20251022183416_C8EE5398.zip,PHISAT-2_L1_000003666_20251022183414_20251022183416_C8EE5398.zip,b0bcd20f-a465-52ae-9528-21944b18d069,2025-10-22 18:34:14+00:00,2025-10-22 18:34:16+00:00,-112.094434334,33.268618606,3,2,0,T3_A2_L0,146,2,0.0136986301369863,73.0,46
L1C,3706,phisat_PHISAT-2_L1_000003706_20251030055556_20251030055559_AFA2DD75.zip,PHISAT-2_L1_000003706_20251030055556_20251030055559_AFA2DD75.zip,a619efce-babb-5279-8e78-833d16499085,2025-10-30 05:55:56+00:00,2025-10-30 05:55:59+00:00,75.785326795,30.694700913,3,2,2,T3_A2_L2,229,3,0.013100436681222707,76.33333333333334,47
L1C,3808,phisat_PHISAT-2_L1_000003808_20251109020718_20251109020721_DB8CF181.zip,PHISAT-2_L1_000003808_20251109020718_20251109020721_DB8CF181.zip,3abab3e6-4e5a-5b3b-b041-76ceab5fd2b9,2025-11-09 02:07:18+00:00,2025-11-09 02:07:21+00:00,124.506839653,-21.943631266,3,0,3,T3_A0_L3,64,1,0.015625,64.0,48
L1C,3811,phisat_PHISAT-2_L1_000003811_20251109054446_20251109054456_63343DB9.zip,PHISAT-2_L1_000003811_20251109054446_20251109054456_63343DB9.zip,2791bf03-5df2-5453-bf53-b17dd89da92e,2025-11-09 05:44:46+00:00,2025-11-09 05:44:56+00:00,-98.770041466,-48.107514743,3,0,0,T3_A0_L0,7,1,0.14285714285714285,7.0,49
L1C,3829,phisat_PHISAT-2_L1_000003829_20251110162855_20251110162905_8AC11518.zip,PHISAT-2_L1_000003829_20251110162855_20251110162905_8AC11518.zip,02665b29-04ea-5f29-9638-df7351a2d6d2,2025-11-10 16:28:55+00:00,2025-11-10 16:29:05+00:00,94.744836926,-18.212162718,3,1,3,T3_A1_L3,68,1,0.014705882352941176,68.0,50
L1C,3886,phisat_PHISAT-2_L1_000003886_20251121172739_20251121172741_E407FB8C.zip,PHISAT-2_L1_000003886_20251121172739_20251121172741_E407FB8C.zip,d6463aea-ebad-5fbd-b6de-5e3e454601ac,2025-11-21 17:27:39+00:00,2025-11-21 17:27:41+00:00,-98.950290271,19.233659424,3,1,0,T3_A1_L0,5,1,0.2,5.0,51
L1C,3888,phisat_PHISAT-2_L1_000003888_20251122025039_20251122025041_AB138D32.zip,PHISAT-2_L1_000003888_20251122025039_20251122025041_AB138D32.zip,67c3df60-5b1f-5aab-bb18-541eb80c1dc5,2025-11-22 02:50:39+00:00,2025-11-22 02:50:41+00:00,121.967429446,30.97138459,3,2,3,T3_A2_L3,81,1,0.012345679012345678,81.0,52
L1C,4071,phisat_PHISAT-2_L1_000004071_20251210075555_20251210075557_C25C05DD.zip,PHISAT-2_L1_000004071_20251210075555_20251210075557_C25C05DD.zip,047352ba-c1c3-5ed6-bbc2-693497918f12,2025-12-10 07:55:55+00:00,2025-12-10 07:55:57+00:00,47.197119628,31.051553336,3,2,2,T3_A2_L2,229,3,0.013100436681222707,76.33333333333334,53
L1C,4088,phisat_PHISAT-2_L1_000004088_20251214142023_20251214142026_F1418062.zip,PHISAT-2_L1_000004088_20251214142023_20251214142026_F1418062.zip,c7295a80-e49b-5d24-b7be-6e447bc4859a,2025-12-14 14:20:23+00:00,2025-12-14 14:20:26+00:00,-58.200958246,-20.982542146,3,0,1,T3_A0_L1,75,1,0.013333333333333334,75.0,54
L1C,4160,phisat_PHISAT-2_L1_000004160_20251220170802_20251220170812_66CD41C7.zip,PHISAT-2_L1_000004160_20251220170802_20251220170812_66CD41C7.zip,be35bcf2-272a-5462-9d02-2c8ee243f31b,2025-12-20 17:08:02+00:00,2025-12-20 17:08:12+00:00,85.454852977,-19.578954063,3,0,2,T3_A0_L2,8,1,0.125,8.0,55
L1C,4418,phisat_PHISAT-2_L1_000004418_20260116185426_20260116185428_6CB19F2E.zip,PHISAT-2_L1_000004418_20260116185426_20260116185428_6CB19F2E.zip,13e95dff-da19-5ba2-b9df-cb07137fdea6,2026-01-16 18:54:26+00:00,2026-01-16 18:54:28+00:00,-116.77206687,32.414988006,4,2,0,T4_A2_L0,131,2,0.015267175572519083,65.5,56
L1C,4423,phisat_PHISAT-2_L1_000004423_20260117072956_20260117072959_E7937DF5.zip,PHISAT-2_L1_000004423_20260117072956_20260117072959_E7937DF5.zip,fe9b7c3e-a8b1-5cb7-9f19-9b797b0bc158,2026-01-17 07:29:56+00:00,2026-01-17 07:29:59+00:00,52.165057856,27.820411883,4,2,2,T4_A2_L2,209,2,0.009569377990430622,104.5,57
L1C,4447,phisat_PHISAT-2_L1_000004447_20260119063852_20260119063855_13E21EA5.zip,PHISAT-2_L1_000004447_20260119063852_20260119063855_13E21EA5.zip,8638b09e-4258-5575-8b8f-522dbfd775df,2026-01-19 06:38:52+00:00,2026-01-19 06:38:55+00:00,63.454862344,25.173611126,4,2,2,T4_A2_L2,209,2,0.009569377990430622,104.5,58
L1C,4461,phisat_PHISAT-2_L1_000004461_20260121164958_20260121165000_65E49ACD.zip,PHISAT-2_L1_000004461_20260121164958_20260121165000_65E49ACD.zip,d8770adf-fab0-5bea-b7d7-7d68925be7f4,2026-01-21 16:49:58+00:00,2026-01-21 16:50:00+00:00,-91.018641536,13.567749844,4,1,0,T4_A1_L0,26,1,0.038461538461538464,26.0,59
L1C,4576,phisat_PHISAT-2_L1_000004576_20260205023451_20260205023453_20EF7F75.zip,PHISAT-2_L1_000004576_20260205023451_20260205023453_20EF7F75.zip,c531b1cc-0091-5738-b01b-5f9dc3167c46,2026-02-05 02:34:51+00:00,2026-02-05 02:34:53+00:00,118.57033274,-20.297075476,4,0,3,T4_A0_L3,48,1,0.020833333333333332,48.0,60
L1C,4689,phisat_PHISAT-2_L1_000004689_20260308055710_20260308055713_30A85319.zip,PHISAT-2_L1_000004689_20260308055710_20260308055713_30A85319.zip,f6bfd219-0b1b-56c9-8776-3539096478ff,2026-03-08 05:57:10+00:00,2026-03-08 05:57:13+00:00,73.799615492,15.367515942,4,1,2,T4_A1_L2,27,1,0.037037037037037035,27.0,61
L1C,4797,phisat_PHISAT-2_L1_000004797_20260324173121_20260324173124_66271D37.zip,PHISAT-2_L1_000004797_20260324173121_20260324173124_66271D37.zip,d43c084d-fa26-597a-95c4-76b09e68565d,2026-03-24 17:31:21+00:00,2026-03-24 17:31:24+00:00,-97.045913966,30.859465742,4,2,0,T4_A2_L0,131,2,0.015267175572519083,65.5,62
L1C,4844,phisat_PHISAT-2_L1_000004844_20260328135815_20260328135818_A2F8A831.zip,PHISAT-2_L1_000004844_20260328135815_20260328135818_A2F8A831.zip,14e7dc30-7920-5355-84c0-c10ff4cc8c2f,2026-03-28 13:58:15+00:00,2026-03-28 13:58:18+00:00,-25.993794134,68.795536187,4,2,1,T4_A2_L1,119,1,0.008403361344537815,119.0,63
L1C,4909,phisat_PHISAT-2_L1_000004909_20260402134045_20260402134048_F813E283.zip,PHISAT-2_L1_000004909_20260402134045_20260402134048_F813E283.zip,093681ca-6fa9-50df-954d-fc75c33a959c,2026-04-02 13:40:45+00:00,2026-04-02 13:40:48+00:00,-46.586524242,-23.520806306,4,0,1,T4_A0_L1,47,1,0.02127659574468085,47.0,64
L1C,4952,phisat_PHISAT-2_L1_000004952_20260404160421_20260404160430_1798EA5D.zip,PHISAT-2_L1_000004952_20260404160421_20260404160430_1798EA5D.zip,dbcd4492-da23-5672-a999-fce488bc037d,2026-04-04 16:04:21+00:00,2026-04-04 16:04:30+00:00,-92.973802318,-60.643986534,4,0,0,T4_A0_L0,9,1,0.1111111111111111,9.0,65
L1C,4993,phisat_PHISAT-2_L1_000004993_20260409035539_20260409035544_7887381F.zip,PHISAT-2_L1_000004993_20260409035539_20260409035544_7887381F.zip,19ffa772-e9e3-5bd1-8bca-0255a5681544,2026-04-09 03:55:39+00:00,2026-04-09 03:55:44+00:00,109.614096104,40.757355738,4,2,3,T4_A2_L3,88,1,0.011363636363636364,88.0,66
L1C,5142,phisat_PHISAT-2_L1_000005142_20260420131519_20260420131522_E41D625F.zip,PHISAT-2_L1_000005142_20260420131519_20260420131522_E41D625F.zip,3a256be1-2ca3-5910-b9ce-c2e9e5b33a6e,2026-04-20 13:15:19+00:00,2026-04-20 13:15:22+00:00,-38.875267818,-13.336035308,4,1,1,T4_A1_L1,60,1,0.016666666666666666,60.0,67
L1C,5185,phisat_PHISAT-2_L1_000005185_20260425043308_20260425043311_A67963B8.zip,PHISAT-2_L1_000005185_20260425043308_20260425043311_A67963B8.zip,b2729dbd-d103-549e-91a3-b6c9696f3b8a,2026-04-25 04:33:08+00:00,2026-04-25 04:33:11+00:00,96.41045268,16.368637402,4,1,3,T4_A1_L3,65,1,0.015384615384615385,65.0,68
L1C,5287,phisat_PHISAT-2_L1_000005287_20260505093204_20260505093209_79E8C983.zip,PHISAT-2_L1_000005287_20260505093204_20260505093209_79E8C983.zip,eab1e697-5fe7-53ad-ade6-d47a9f831322,2026-05-05 09:32:04+00:00,2026-05-05 09:32:09+00:00,15.116727644,-23.588382534,4,0,2,T4_A0_L2,18,1,0.05555555555555555,18.0,69
L1C,5326,phisat_PHISAT-2_L1_000005326_20260510005944_20260510005947_3CDF6709.zip,PHISAT-2_L1_000005326_20260510005944_20260510005947_3CDF6709.zip,efd0b7c4-90f8-507b-b687-a5e0c64934fb,2026-05-10 00:59:44+00:00,2026-05-10 00:59:47+00:00,142.49408014,-35.602871138,5,0,3,T5_A0_L3,75,1,0.013333333333333334,75.0,70
L1C,5481,phisat_PHISAT-2_L1_000005481_20260521054324_20260521054335_D4DAE676.zip,PHISAT-2_L1_000005481_20260521054324_20260521054335_D4DAE676.zip,341a6b33-02bd-5da8-a059-2f061ea7da49,2026-05-21 05:43:24+00:00,2026-05-21 05:43:35+00:00,-97.064453558,-48.349206549,5,0,0,T5_A0_L0,19,1,0.05263157894736842,19.0,71
L1C,5492,phisat_PHISAT-2_L1_000005492_20260521185501_20260521185510_10AEC99E.zip,PHISAT-2_L1_000005492_20260521185501_20260521185510_10AEC99E.zip,f0426a87-1a0c-5af8-b764-f0c16a4e2da3,2026-05-21 18:55:01+00:00,2026-05-21 18:55:10+00:00,-82.194410911,78.638824789,5,2,1,T5_A2_L1,337,5,0.01483679525222552,67.39999999999999,72
L1C,5545,phisat_PHISAT-2_L1_000005545_20260527095929_20260527095932_BDC09FC3.zip,PHISAT-2_L1_000005545_20260527095929_20260527095932_BDC09FC3.zip,373f6175-b2db-5ae7-8e0f-485ffc8f4d29,2026-05-27 09:59:29+00:00,2026-05-27 09:59:32+00:00,18.388574983,48.259143791,5,2,2,T5_A2_L2,392,7,0.017857142857142856,56.0,73
L1C,5629,phisat_PHISAT-2_L1_000005629_20260604140019_20260604140022_3E4B5E87.zip,PHISAT-2_L1_000005629_20260604140019_20260604140022_3E4B5E87.zip,eaa3cd13-2f46-5555-85f1-340016967294,2026-06-04 14:00:19+00:00,2026-06-04 14:00:22+00:00,-30.410330372,67.883798559,5,2,1,T5_A2_L1,337,5,0.01483679525222552,67.39999999999999,74
L1C,5701,phisat_PHISAT-2_L1_000005701_20260609062811_20260609062822_AFB34BEA.zip,PHISAT-2_L1_000005701_20260609062811_20260609062822_AFB34BEA.zip,3c93818f-c3e0-51f2-ab78-af42236ea7eb,2026-06-09 06:28:11+00:00,2026-06-09 06:28:22+00:00,-115.935389579,0.233299726,5,1,0,T5_A1_L0,47,1,0.02127659574468085,47.0,75
L1C,5821,phisat_PHISAT-2_L1_000005821_20260616171219_20260616171230_071C5FA4.zip,PHISAT-2_L1_000005821_20260616171219_20260616171230_071C5FA4.zip,00e593ae-3007-5ab8-81f7-3e6f913dc780,2026-06-16 17:12:19+00:00,2026-06-16 17:12:30+00:00,85.632431204,-19.690164086,5,0,2,T5_A0_L2,45,1,0.022222222222222223,45.0,76
L1C,5879,phisat_PHISAT-2_L1_000005879_20260620000238_20260620000248_FD636ECF.zip,PHISAT-2_L1_000005879_20260620000238_20260620000248_FD636ECF.zip,eb62c5cd-9674-5030-a6b7-bc09edd501e8,2026-06-20 00:02:38+00:00,2026-06-20 00:02:48+00:00,-46.167540518,73.113484067,5,2,1,T5_A2_L1,337,5,0.01483679525222552,67.39999999999999,77
L1C,5891,phisat_PHISAT-2_L1_000005891_20260620155833_20260620155836_E3656957.zip,PHISAT-2_L1_000005891_20260620155833_20260620155836_E3656957.zip,004b9d95-a2b5-5a13-9f75-a806b01d0a9d,2026-06-20 15:58:33+00:00,2026-06-20 15:58:36+00:00,-69.671579196,48.1803943,5,2,1,T5_A2_L1,337,5,0.01483679525222552,67.39999999999999,78
L1C,5970,phisat_PHISAT-2_L1_000005970_20260625151839_20260625151843_BBF4DE42.zip,PHISAT-2_L1_000005970_20260625151839_20260625151843_BBF4DE42.zip,f5834200-6bb9-5d16-a682-76b56bcdacee,2026-06-25 15:18:39+00:00,2026-06-25 15:18:43+00:00,-64.638792242,18.314766978,5,1,1,T5_A1_L1,203,2,0.009852216748768473,101.5,79
L1C,6004,phisat_PHISAT-2_L1_000006004_20260628013003_20260628013006_72F98DC9.zip,PHISAT-2_L1_000006004_20260628013003_20260628013006_72F98DC9.zip,b6c59205-130c-5b5e-8cd8-2a8a909ba09b,2026-06-28 01:30:03+00:00,2026-06-28 01:30:06+00:00,137.092421782,-17.784136703,5,1,3,T5_A1_L3,142,2,0.014084507042253521,71.0,80
L1C,6102,phisat_PHISAT-2_L1_000006102_20260705040952_20260705040955_5820AEEE.zip,PHISAT-2_L1_000006102_20260705040952_20260705040955_5820AEEE.zip,3587558d-b8f3-5633-a94e-056e2604360d,2026-07-05 04:09:52+00:00,2026-07-05 04:09:55+00:00,106.859887628,47.880027146,5,2,3,T5_A2_L3,203,2,0.009852216748768473,101.5,81
L1C,6233,phisat_PHISAT-2_L1_000006233_20260712101658_20260712101700_234C0B47.zip,PHISAT-2_L1_000006233_20260712101658_20260712101700_234C0B47.zip,99ed7558-b923-508d-8786-99d3fe51fcf9,2026-07-12 10:16:58+00:00,2026-07-12 10:17:00+00:00,15.054005861,37.802719124,5,2,2,T5_A2_L2,392,7,0.017857142857142856,56.0,82
L1C,6539,phisat_PHISAT-2_L1_000006539_20260727200949_20260727200957_84F44E41.zip,PHISAT-2_L1_000006539_20260727200949_20260727200957_84F44E41.zip,f40d602a-d290-5180-9b08-715a6fc67364,2026-07-27 20:09:49+00:00,2026-07-27 20:09:57+00:00,-92.871296554,80.06424602,5,2,0,T5_A2_L0,248,3,0.012096774193548387,82.66666666666667,83
L1C,6768,phisat_PHISAT-2_L1_000006768_20260811051726_20260811051729_E28C8897.zip,PHISAT-2_L1_000006768_20260811051726_20260811051729_E28C8897.zip,f25c1bbf-b27b-5abc-b01a-fb571a962e72,2026-08-11 05:17:26+00:00,2026-08-11 05:17:29+00:00,90.623185894,40.137559404,5,2,3,T5_A2_L3,203,2,0.009852216748768473,101.5,84
L1C,6826,phisat_PHISAT-2_L1_000006826_20260814053152_20260814053155_37638EDC.zip,PHISAT-2_L1_000006826_20260814053152_20260814053155_37638EDC.zip,64020190-8d64-51c9-99fc-bd94d265c1ce,2026-08-14 05:31:52+00:00,2026-08-14 05:31:55+00:00,80.259564102,13.055916615,5,1,2,T5_A1_L2,126,1,0.007936507936507936,126.0,85
L1C,6902,phisat_PHISAT-2_L1_000006902_20260817193609_20260817193612_5BA46056.zip,PHISAT-2_L1_000006902_20260817193609_20260817193612_5BA46056.zip,64a12540-b6b9-5742-aaa1-ccbaefe78f2e,2026-08-17 19:36:09+00:00,2026-08-17 19:36:12+00:00,-122.474091265,48.699139134,5,2,0,T5_A2_L0,248,3,0.012096774193548387,82.66666666666667,86
L1C,6939,phisat_PHISAT-2_L1_000006939_20260819153108_20260819153112_166CB0F6.zip,PHISAT-2_L1_000006939_20260819153108_20260819153112_166CB0F6.zip,8f65f7a9-a4fb-549c-a447-3f83ee4f2b08,2026-08-19 15:31:08+00:00,2026-08-19 15:31:12+00:00,-63.692930344,44.651833686,5,2,1,T5_A2_L1,337,5,0.01483679525222552,67.39999999999999,87
L1C,6971,phisat_PHISAT-2_L1_000006971_20260821003923_20260821003925_4019CC92.zip,PHISAT-2_L1_000006971_20260821003923_20260821003925_4019CC92.zip,d9f39f4a-36bb-5c09-a095-e4d81204204f,2026-08-21 00:39:23+00:00,2026-08-21 00:39:25+00:00,152.169708866,-4.474587016,5,1,3,T5_A1_L3,142,2,0.014084507042253521,71.0,88
L1C,7064,phisat_PHISAT-2_L1_000007064_20260825092709_20260825092711_FB83741A.zip,PHISAT-2_L1_000007064_20260825092709_20260825092711_FB83741A.zip,046779f0-20f7-5358-99de-74aa32bd91f1,2026-08-25 09:27:09+00:00,2026-08-25 09:27:11+00:00,30.880303436,50.282519899,5,2,2,T5_A2_L2,392,7,0.017857142857142856,56.0,89
L1C,7085,phisat_PHISAT-2_L1_000007085_20260826073050_20260826073053_9BAEA96F.zip,PHISAT-2_L1_000007085_20260826073050_20260826073053_9BAEA96F.zip,33f9698c-fcf5-5d61-a415-8949ba8504f0,2026-08-26 07:30:50+00:00,2026-08-26 07:30:53+00:00,54.41578651,24.365498221,5,2,2,T5_A2_L2,392,7,0.017857142857142856,56.0,90
L1C,7202,phisat_PHISAT-2_L1_000007202_20260831144128_20260831144131_B699680E.zip,PHISAT-2_L1_000007202_20260831144128_20260831144131_B699680E.zip,aa0b7dba-1ddc-5afb-9288-916a54f77f0a,2026-08-31 14:41:28+00:00,2026-08-31 14:41:31+00:00,-61.204820556,-20.67779378,5,0,1,T5_A0_L1,54,1,0.018518518518518517,54.0,91
L1C,7214,phisat_PHISAT-2_L1_000007214_20260901091222_20260901091225_094FDBD9.zip,PHISAT-2_L1_000007214_20260901091222_20260901091225_094FDBD9.zip,10e1d67d-c889-5dd3-8670-d4ea840d0390,2026-09-01 09:12:22+00:00,2026-09-01 09:12:25+00:00,33.952515852,46.60186456,5,2,2,T5_A2_L2,392,7,0.017857142857142856,56.0,92
L1C,7218,phisat_PHISAT-2_L1_000007218_20260901121150_20260901121153_0ABCCE9C.zip,PHISAT-2_L1_000007218_20260901121150_20260901121153_0ABCCE9C.zip,ef3b1ba0-c45d-5c8c-a359-5f0d4d2434c4,2026-09-01 12:11:50+00:00,2026-09-01 12:11:53+00:00,14.055173864,77.845685658,5,2,2,T5_A2_L2,392,7,0.017857142857142856,56.0,93
L1C,7244,phisat_PHISAT-2_L1_000007244_20260902120011_20260902120014_2A687717.zip,PHISAT-2_L1_000007244_20260902120011_20260902120014_2A687717.zip,7e333a34-37a0-5ee9-8839-a0af00894dd5,2026-09-02 12:00:11+00:00,2026-09-02 12:00:14+00:00,-16.728540615,13.378244346,5,1,1,T5_A1_L1,203,2,0.009852216748768473,101.5,94
L1C,7279,phisat_PHISAT-2_L1_000007279_20260904074955_20260904074958_1A2B7947.zip,PHISAT-2_L1_000007279_20260904074955_20260904074958_1A2B7947.zip,f8151878-bc4d-5056-a1b2-25f2c8645af1,2026-09-04 07:49:55+00:00,2026-09-04 07:49:58+00:00,48.597373338,27.77407965,5,2,2,T5_A2_L2,392,7,0.017857142857142856,56.0,95
L1C,7339,phisat_PHISAT-2_L1_000007339_20260906191359_20260906191407_6FF8D90C.zip,PHISAT-2_L1_000007339_20260906191359_20260906191407_6FF8D90C.zip,dcca9d5d-06a1-5f71-94ec-51c8478e2344,2026-09-06 19:13:59+00:00,2026-09-06 19:14:07+00:00,-109.828566276,64.966543049,5,2,0,T5_A2_L0,248,3,0.012096774193548387,82.66666666666667,96
