product_id,analysis_design_weight,valid_primary_bands,median_shift_px_across_bands,max_shift_px_across_bands,median_response_across_bands,median_corr_gain_across_bands
1295,25.0,7,387.3441051660785,1983.6847031737004,0.0009975872089853,-0.0633719264587265
1309,5.0,6,1.0232456130175032,3.0019080301136523,0.37769640516489744,0.00031278077931074996
1334,2.0,6,1.0603849208898628,2.2220091246282565,0.6636488107033074,0.012651713486920301
1369,24.0,7,1.6051698988037186,1.887953422228044,0.94498772372026,0.0088592678203566
1457,2.0,7,7.175178611140037,1988.3689180672693,0.0627105119638145,0.0001467548152397
1466,6.0,7,2.254524249329913,14.372806634835808,0.5678561255335808,0.0012503492347423
1470,20.0,7,1.3874241611503486,3.693832675286837,0.8504114644601941,0.0030196892892653
1489,4.0,7,2.012708100035222,3.044486256662795,0.7684771433705464,0.0044938913374646
1500,56.0,7,1.7008831241645486,3.114428745085472,0.5950967533588409,0.0076242600909308
1511,27.0,7,0.7078971592111805,2394.1554112095973,0.9126830419991164,0.0049777796919298
1514,2.0,7,465.2267555873117,1001.6855162429092,0.0034047655351459,-0.0004045174405165
1570,110.0,7,0.9921484195397976,6.899501912644584,0.7882376285269856,0.000596648561922
1603,35.0,7,1.2552625188310498,1.7490480549691214,0.8717179698869586,0.0013135683769412
1659,1.0,7,1.3227506375472209,2.919428184841252,0.6884995001601055,0.0009589317232936
1829,67.0,7,1.7980477370932952,3.010652061624465,0.5340348221361637,0.0007114964238732
1913,102.0,7,1.7365844643140964,3.177356641478315,0.8359476937912405,0.0015590819167015
1979,27.0,7,1.7096805419732952,3.000076261741216,0.3975291977403685,0.0165767049124709
2039,20.0,7,1612.857548093505,2185.389975852061,0.0006796211055188,-0.2102294260975369
2051,87.0,7,3.1048696252575985,4.222038317781194,0.525073905067984,0.0013677587915272
2111,3.0,7,1.2825317886738554,7.310868414093441,0.4895281344070099,-0.0024668934876477
2124,8.0,7,1.355064682235151,1.744819220730129,0.7916420310502872,0.0006515143233792
2127,47.0,7,5.110243500279212,18.36256977168033,0.678236068226397,0.003687627287515
2176,55.0,7,4.981148554977152,51.59192330016227,0.1115860163845354,-0.0052129911338735
2241,86.0,7,1.4336234489995,2.636305381950171,0.3740936843096278,0.0009211735929917
2266,76.0,7,0.7435047139468489,0.9128140574511452,0.725171563681215,0.0022198235812035
2275,87.0,7,0.7482749706607408,84.48336921925282,0.7084919513436034,0.0033225369393571
2315,35.0,7,4.418079724716314,7.10371770142966,0.311917366227135,0.0092656239157679
2366,3.0,7,1.261837572081178,2.44860093264914,0.7449459366034716,0.0008048194057496
2461,72.0,7,0.7786061782117077,1.2784726246711775,0.9206573470510192,0.001202249368175
2539,87.0,7,0.9090270432279092,2.107794067938804,0.4843529476784169,0.0014911181026719
2549,11.0,7,1.4541899178400313,2.7711237903980006,0.0391110964701511,0.0063516243238889
2613,76.0,7,1.0718861117751464,1579.2554710046827,0.4047325570136308,0.0005998574610601
2635,76.0,7,1.5117682984533198,10.46331045337241,0.7045773356221616,0.0028975614745475
2640,72.0,7,4.151281408022316,107.926909744568,0.5272669908590615,-3.686773681832456e-05
2695,49.00000000000001,7,7.987638546211983,16.91044050494149,0.2432667326065711,-0.0217602356733819
2779,72.0,7,1.7343172113278285,3.67998326067832,0.4554310110906954,0.0030072853346121
2796,1.0,7,207.22507026024456,1865.060597553649,0.00068067421671,0.0167980381716103
2808,87.0,7,1.1300613876914924,1.9469436897309016,0.6064456035383046,0.0002235749624726
3077,59.0,7,2.1290743735194284,6.008103945659011,0.3420613640919328,0.0073199105902516
3219,130.0,7,0.8681958867743597,2.959281456390912,0.2680008048191666,0.0019916886672254
3228,76.33333333333334,7,1.014403855564488,5.986070779241866,0.4721352382330224,0.002615378099148
3367,73.0,7,1.3838884233621906,1.9008056321777465,0.6161665893159807,0.0060857182817396
3500,67.0,7,1.0818931629370854,4.521115681294808,0.6129865646362305,0.0011350569378006
3507,36.0,7,0.996567129805995,1.6485656396335024,0.5823702432680875,0.000504221624299
3666,73.0,7,0.8161674747555796,2.05041755285518,0.6045279290992767,0.0010578832291955
3706,76.33333333333334,7,0.8047732481035548,1.0379174818383792,0.5681899240007624,0.0039118214523226
3808,64.0,7,5.556702614287108,8.13216507310605,0.2881988941226154,0.0047554123324988
3811,7.0,7,686.9461642340079,943.546258243544,0.0017090943838411,0.000481042737354
3829,68.0,7,665.9258200367258,1256.3542352076156,0.0013430147555482,-0.0092088751266258
3886,5.0,7,0.4823386846575322,1.0874934571567836,0.7177411148877582,0.0036854885015773
3888,81.0,7,0.8048724708359647,1.6893007758170169,0.5788698343676515,0.0002336968288586
4071,76.33333333333334,7,1.3071447179677522,1.9977259263682563,0.6358258500695229,-8.809886820770885e-05
4088,75.0,7,2.1191385150539754,8.935365398087376,0.2426975191337987,-0.0012415094263575
4160,8.0,7,527.8047640452972,664.4489906465536,0.0015503747290495,-0.0004884159062932
4418,65.5,7,2.008146113167072,5.741933085868789,0.6282924251863733,0.0042774311912242
4423,104.5,7,6.769112673545624,15.48749615035611,0.2503971327096224,-0.0194555544905394
4447,104.5,7,1.388075338127578,15.892788448726362,0.269694279297255,0.0002966778652093
4461,26.0,7,1.5987186312361228,93.9916683904094,0.0785797525895759,0.0082879738205182
4576,48.0,7,1.8115979693473208,3.645234524737599,0.4151311982204788,0.0010829970960386
4689,27.0,7,0.8646534508520244,1.455417241251925,0.5673409996088594,0.0018217082088297
4797,65.5,7,1.0261508415029863,2.257836416535549,0.3062326477374881,0.0026376808321235
4844,119.0,7,1.0680770211434891,2.031059743554698,0.8264062394155189,9.378170242868578e-05
4909,47.0,7,2.435012895525181,3.926428550865515,0.4479075997369364,0.0007072701190494
4952,9.0,7,1.4230712572222648,2.94332811256239,0.4602437177672982,5.281888300034954e-05
4993,88.0,7,96.22398727148544,2047.2200834231887,0.0313810563820879,0.0668761528497197
5142,60.0,7,1.9332227633698031,6.4034083353665965,0.4906087326817214,4.698640332478909e-06
5185,65.0,7,1.3714576650664976,1.7524870927212872,0.228487000480527,0.0005360039072007
5287,18.0,7,0.4658470651260788,1.1640028171335026,0.8135457547614351,0.0008876666913064
5326,75.0,7,0.9363219046552635,2.840133390151093,0.7903431990125682,-3.062491494132402e-05
5481,19.0,6,454.7292750912564,997.9889527012816,0.0011508620864333,0.0387609588633186
5492,67.39999999999999,7,1.4244554726035077,1771.7409747293918,0.404839139431715,0.0019405837978647
5545,56.0,7,16.540137898328528,67.4233721066692,0.1196758195728762,0.0001674507156945
5629,67.39999999999999,7,2.301106031290594,1740.74095295407,0.4242250807583332,0.000300047769125
5701,47.0,6,918.2039169490874,2164.72500074598,0.00709194213914085,0.005011829936550799
5821,45.0,6,481.78352264324815,838.410729540773,0.00216727038787205,-0.0022056360513472
5879,67.39999999999999,7,361.1996479031445,631.0437418691282,0.0006414212039089,-0.0298032831023935
5891,67.39999999999999,7,0.8348156557749427,1.4139023461231357,0.4592540584271773,9.845632992677712e-05
5970,101.5,7,1.665621613330842,4.192923709418075,0.5671764612197876,-2.3777170808592096e-05
6004,71.0,7,3.2622091938403504,42.14731224169067,0.1709878515684977,0.0025245510008586
6102,101.5,7,7.0465632099681,11.930678242812036,0.2376229889050591,-0.0009176624577031
6233,56.0,7,2.0728961888456,399.7786444777869,0.3446175972931087,-0.0010316962940795
6539,82.33333333333333,7,3.561804612846214,10.850045714581896,0.3308336017653346,0.0003066740111481
6768,101.5,7,0.8357584255777253,1.127231764145399,0.722549038939178,0.0007240219236311
6826,126.0,7,2.5038920484435567,4.054936022940758,0.5471118521236349,0.0017166495649112
6902,82.33333333333333,7,0.9924341769342704,2.1586439955466554,0.6844279579818249,0.0019831544204738
6939,67.39999999999999,7,1.8405914620997752,113.994400236601,0.5556247299537063,0.0002657195778762
6971,71.0,7,14.83672080529039,67.50487869897115,0.1697927842033095,-0.0220763816214444
7064,56.0,7,0.8835666341308706,2.6739893905156884,0.6508365404242795,0.0008242570759996
7085,56.0,7,1.9732368532344664,6.333083018712705,0.708205934286525,0.0040634470608166
7202,54.0,7,28.782554507174872,42.136581246902445,0.162578203540761,-0.0056347094288273
7214,56.0,7,1.8792429199058307,2.1005612692105697,0.6353644516784698,0.0058645450294666
7218,56.0,7,1.002700059803171,2.249565419531072,0.7388176126405597,0.0006643912527442
7244,101.5,7,15.034775616243364,19.68905164594373,0.1223277557000983,-0.0007522513280131
7279,56.0,7,1.6672604271083766,3.7458798394354775,0.5310930835548788,0.0051797379396213
7339,82.33333333333333,7,1.1667808682708036,2.2190751507570123,0.5187200945802033,0.0021033158178668
1517,2.0,7,570.3965553676568,3752.71492270789,0.0291022159915883,0.0592893321738464
